sequence,cluster_id,status,binding_energy,free_energy,structure
GCGAAAACGCAAGCCGTTTAGGG,0,Cluster_0,-8.1,-3.400000095,(((....)))...((.....)).
AAACGCAAAGCGAAGTTATGTCC,0,Cluster_0,-7.8,-2,...(((...)))...........
AAACGCAAAGCGTAGCGTAATAC,0,Cluster_0,-7.7,-3.200000048,..((((........)))).....
AAACGCAAAGCGTAGCGTAATTA,0,Cluster_0,-7.6,-3.200000048,..((((........)))).....
GCGAAAACGCAAGCCGTTTAATA,1,Cluster_1,-8.3,-3.299999952,....(((((.....)))))....
AAACGCAAAGCGTAGCGTAATTC,1,Cluster_1,-7.7,-3.200000048,..((((........)))).....
GCGAAAACGCAAGCCGTTTATGT,1,Cluster_1,-7.7,-3.299999952,....(((((.....)))))....
GCGAAAACGCAAGCCGTTTAATC,1,Cluster_1,-7.7,-3.299999952,....(((((.....)))))....
GCGAAAACGCAAGCCGTTTACTA,1,Cluster_1,-7.6,-3.299999952,....(((((.....)))))....
GCGAAAACGCAAGCCGTTTAGAC,2,Cluster_2,-9.4,-3.299999952,....(((((.....)))))....
AAACGCAAAGCGTAGCGTAATTG,2,Cluster_2,-8.4,-3.200000048,..((((........)))).....
AAACGCAAAGCGTAGCGTAATTT,2,Cluster_2,-8,-3.200000048,..((((........)))).....
AAACGCAAAGCGACCTTATGCGT,2,Cluster_2,-7.9,-5.400000095,..((((((((....))).)))))
AAACGCAAAGCGAAGTTATTTTA,2,Cluster_2,-7.8,-2,...(((...)))...........
AAACGCAAAGCGGAATTGTTTGT,3,Cluster_3,-7.6,-2,...(((...)))...........
AAACGCAAAGCGAAGAATCAGCC,3,Cluster_3,-7.5,-2,...(((...)))...........
AAACGCAAAGCGAAGTTAGAACT,3,Cluster_3,-7.5,-2,...(((...)))...........
GCGAAAACGCAAGCCGTTTATGG,3,Cluster_3,-7.3,-3.299999952,....(((((.....)))))....
AAACGCAAAGCGGAATCTGAGAT,3,Cluster_3,-7.3,-2,...(((...)))...........
GCGAAAACGCAAGCCGTTTATGC,4,Cluster_4,-8.9,-3,(((.(((((.....))))).)))
AAACGCAAAGCGAAGTTACTTAA,4,Cluster_4,-8.2,-2,...(((...)))...........
AAACGCAAAGCGAGATGGGTTCC,4,Cluster_4,-8.2,-2.200000048,.(((.((........)).)))..
GCGAAAACGCAAGCCGTTTAGTC,4,Cluster_4,-7.9,-3.299999952,....(((((.....)))))....
AAACGCAAAGCGAACTTAATGCG,5,Cluster_5,-8.3,-4.400000095,...(((((((....)))..))))
GCGAAAACGCAAGCCGTTTAACG,5,Cluster_5,-8,-4.199999809,.((.(((((.....)))))..))
AAACGCAAAGCGAGATGGGTTCT,5,Cluster_5,-7.9,-2.200000048,.(((.((........)).)))..
AAACGCAAAGCGAACCGTACTAA,5,Cluster_5,-7.6,-2,...(((...)))...........
